instance_group,instance,reoptimization_instance,instance_id,n,p,edge_weight_type,raw_path,reference_source,reference_cost,reference_facilities,metaheuristic_runtime_seconds,structure_extraction_runtime_seconds,pre_reoptimization_seconds,removed_facility,removed_facility_zero_based,removal_position,remaining_reference_facilities,remaining_reference_facilities_count,source_ltm_size,top_fraction,top_solution_count,top_cost_cutoff,full_ltm_cost_min,full_ltm_cost_max,top_ltm_cost_min,top_ltm_cost_max,error_message,max_k_cut_original__memory_strategy,max_k_cut_original__analysis_memory_size,max_k_cut_original__analysis_component_count,max_k_cut_original__analysis_is_connected,max_k_cut_original__cooccurrence_active_nodes,max_k_cut_original__cooccurrence_edges,max_k_cut_original__cooccurrence_total_weight,max_k_cut_original__max_k_cut_fraction_cut,max_k_cut_original__max_k_cut_best_facility_separation,max_k_cut_original__pre_connection_component_count,max_k_cut_original__post_connection_component_count,max_k_cut_original__trajectory_added_solution_count,max_k_cut_original__trajectory_movement_count,max_k_cut_original__trajectory_connection_edge_count,max_k_cut_original__trajectory_generated_out_of_range_count,max_k_cut_original__guard_fallback_used,max_k_cut_original__best_component_solution_count,max_k_cut_original__groups,max_k_cut_mst_trajectory__memory_strategy,max_k_cut_mst_trajectory__analysis_memory_size,max_k_cut_mst_trajectory__analysis_component_count,max_k_cut_mst_trajectory__analysis_is_connected,max_k_cut_mst_trajectory__cooccurrence_active_nodes,max_k_cut_mst_trajectory__cooccurrence_edges,max_k_cut_mst_trajectory__cooccurrence_total_weight,max_k_cut_mst_trajectory__max_k_cut_fraction_cut,max_k_cut_mst_trajectory__max_k_cut_best_facility_separation,max_k_cut_mst_trajectory__pre_connection_component_count,max_k_cut_mst_trajectory__post_connection_component_count,max_k_cut_mst_trajectory__trajectory_added_solution_count,max_k_cut_mst_trajectory__trajectory_movement_count,max_k_cut_mst_trajectory__trajectory_connection_edge_count,max_k_cut_mst_trajectory__trajectory_generated_out_of_range_count,max_k_cut_mst_trajectory__guard_fallback_used,max_k_cut_mst_trajectory__best_component_solution_count,max_k_cut_mst_trajectory__groups,max_k_cut_pairwise_trajectory__memory_strategy,max_k_cut_pairwise_trajectory__analysis_memory_size,max_k_cut_pairwise_trajectory__analysis_component_count,max_k_cut_pairwise_trajectory__analysis_is_connected,max_k_cut_pairwise_trajectory__cooccurrence_active_nodes,max_k_cut_pairwise_trajectory__cooccurrence_edges,max_k_cut_pairwise_trajectory__cooccurrence_total_weight,max_k_cut_pairwise_trajectory__max_k_cut_fraction_cut,max_k_cut_pairwise_trajectory__max_k_cut_best_facility_separation,max_k_cut_pairwise_trajectory__pre_connection_component_count,max_k_cut_pairwise_trajectory__post_connection_component_count,max_k_cut_pairwise_trajectory__trajectory_added_solution_count,max_k_cut_pairwise_trajectory__trajectory_movement_count,max_k_cut_pairwise_trajectory__trajectory_connection_edge_count,max_k_cut_pairwise_trajectory__trajectory_generated_out_of_range_count,max_k_cut_pairwise_trajectory__guard_fallback_used,max_k_cut_pairwise_trajectory__best_component_solution_count,max_k_cut_pairwise_trajectory__groups,max_k_cut_mst_range_guard__memory_strategy,max_k_cut_mst_range_guard__analysis_memory_size,max_k_cut_mst_range_guard__analysis_component_count,max_k_cut_mst_range_guard__analysis_is_connected,max_k_cut_mst_range_guard__cooccurrence_active_nodes,max_k_cut_mst_range_guard__cooccurrence_edges,max_k_cut_mst_range_guard__cooccurrence_total_weight,max_k_cut_mst_range_guard__max_k_cut_fraction_cut,max_k_cut_mst_range_guard__max_k_cut_best_facility_separation,max_k_cut_mst_range_guard__pre_connection_component_count,max_k_cut_mst_range_guard__post_connection_component_count,max_k_cut_mst_range_guard__trajectory_added_solution_count,max_k_cut_mst_range_guard__trajectory_movement_count,max_k_cut_mst_range_guard__trajectory_connection_edge_count,max_k_cut_mst_range_guard__trajectory_generated_out_of_range_count,max_k_cut_mst_range_guard__guard_fallback_used,max_k_cut_mst_range_guard__best_component_solution_count,max_k_cut_mst_range_guard__groups
WORK,kroB200,kroB200__remove_pos_0__facility_29,tsplib_kroB200_p5,200,5,EUC_2D,/home/rei-luisinho/xopt/notebooks/experiments_sbpo/artifacts/tsplib_tsp/kroB200.tsp,metaheuristic_best_solution,97512.0,28 41 68 83 95,0.6558348429971375,0.08521458900213474,0.7410494319992722,29,28,0,41 68 83 95,4,732,0.05,37,98071.0,97512.0,101598.0,97512.0,98071.0,,top_ltm_original,37,2,False,20,89,370.0,1.0,1.0,,2,0,0,,0,False,,6 57 83 97 185 | 95 118 136 161 | 7 28 51 | 29 68 74 133 149 | 41 119 124,top_ltm_mst_trajectory,38,1,True,20,90,380.0,1.0,1.0,2,1,1,2,1.0,0,False,,6 51 57 83 185 | 95 118 136 161 | 7 28 97 | 29 68 74 133 149 | 41 119 124,top_ltm_pairwise_trajectory,38,1,True,20,90,380.0,1.0,1.0,2,1,1,2,1.0,0,False,,6 51 57 83 185 | 95 118 136 161 | 7 28 97 | 29 68 74 133 149 | 41 119 124,top_ltm_mst_trajectory_range_guard,38,1,True,20,90,380.0,1.0,1.0,2,1,1,2,1.0,0,False,,6 51 57 83 185 | 95 118 136 161 | 7 28 97 | 29 68 74 133 149 | 41 119 124
WORK,kroB200,kroB200__remove_pos_1__facility_42,tsplib_kroB200_p5,200,5,EUC_2D,/home/rei-luisinho/xopt/notebooks/experiments_sbpo/artifacts/tsplib_tsp/kroB200.tsp,metaheuristic_best_solution,97512.0,28 41 68 83 95,0.6558348429971375,0.08521458900213474,0.7410494319992722,42,41,1,28 68 83 95,4,732,0.05,37,98071.0,97512.0,101598.0,97512.0,98071.0,,top_ltm_original,37,2,False,20,89,370.0,1.0,1.0,,2,0,0,,0,False,,6 57 83 97 185 | 95 118 136 161 | 7 28 51 | 29 68 74 133 149 | 41 119 124,top_ltm_mst_trajectory,38,1,True,20,90,380.0,1.0,1.0,2,1,1,2,1.0,0,False,,6 51 57 83 185 | 95 118 136 161 | 7 28 97 | 29 68 74 133 149 | 41 119 124,top_ltm_pairwise_trajectory,38,1,True,20,90,380.0,1.0,1.0,2,1,1,2,1.0,0,False,,6 51 57 83 185 | 95 118 136 161 | 7 28 97 | 29 68 74 133 149 | 41 119 124,top_ltm_mst_trajectory_range_guard,38,1,True,20,90,380.0,1.0,1.0,2,1,1,2,1.0,0,False,,6 51 57 83 185 | 95 118 136 161 | 7 28 97 | 29 68 74 133 149 | 41 119 124
WORK,kroB200,kroB200__remove_pos_2__facility_69,tsplib_kroB200_p5,200,5,EUC_2D,/home/rei-luisinho/xopt/notebooks/experiments_sbpo/artifacts/tsplib_tsp/kroB200.tsp,metaheuristic_best_solution,97512.0,28 41 68 83 95,0.6558348429971375,0.08521458900213474,0.7410494319992722,69,68,2,28 41 83 95,4,732,0.05,37,98071.0,97512.0,101598.0,97512.0,98071.0,,top_ltm_original,37,2,False,20,89,370.0,1.0,1.0,,2,0,0,,0,False,,6 57 83 97 185 | 95 118 136 161 | 7 28 51 | 29 68 74 133 149 | 41 119 124,top_ltm_mst_trajectory,38,1,True,20,90,380.0,1.0,1.0,2,1,1,2,1.0,0,False,,6 51 57 83 185 | 95 118 136 161 | 7 28 97 | 29 68 74 133 149 | 41 119 124,top_ltm_pairwise_trajectory,38,1,True,20,90,380.0,1.0,1.0,2,1,1,2,1.0,0,False,,6 51 57 83 185 | 95 118 136 161 | 7 28 97 | 29 68 74 133 149 | 41 119 124,top_ltm_mst_trajectory_range_guard,38,1,True,20,90,380.0,1.0,1.0,2,1,1,2,1.0,0,False,,6 51 57 83 185 | 95 118 136 161 | 7 28 97 | 29 68 74 133 149 | 41 119 124
WORK,kroB200,kroB200__remove_pos_3__facility_84,tsplib_kroB200_p5,200,5,EUC_2D,/home/rei-luisinho/xopt/notebooks/experiments_sbpo/artifacts/tsplib_tsp/kroB200.tsp,metaheuristic_best_solution,97512.0,28 41 68 83 95,0.6558348429971375,0.08521458900213474,0.7410494319992722,84,83,3,28 41 68 95,4,732,0.05,37,98071.0,97512.0,101598.0,97512.0,98071.0,,top_ltm_original,37,2,False,20,89,370.0,1.0,1.0,,2,0,0,,0,False,,6 57 83 97 185 | 95 118 136 161 | 7 28 51 | 29 68 74 133 149 | 41 119 124,top_ltm_mst_trajectory,38,1,True,20,90,380.0,1.0,1.0,2,1,1,2,1.0,0,False,,6 51 57 83 185 | 95 118 136 161 | 7 28 97 | 29 68 74 133 149 | 41 119 124,top_ltm_pairwise_trajectory,38,1,True,20,90,380.0,1.0,1.0,2,1,1,2,1.0,0,False,,6 51 57 83 185 | 95 118 136 161 | 7 28 97 | 29 68 74 133 149 | 41 119 124,top_ltm_mst_trajectory_range_guard,38,1,True,20,90,380.0,1.0,1.0,2,1,1,2,1.0,0,False,,6 51 57 83 185 | 95 118 136 161 | 7 28 97 | 29 68 74 133 149 | 41 119 124
WORK,kroB200,kroB200__remove_pos_4__facility_96,tsplib_kroB200_p5,200,5,EUC_2D,/home/rei-luisinho/xopt/notebooks/experiments_sbpo/artifacts/tsplib_tsp/kroB200.tsp,metaheuristic_best_solution,97512.0,28 41 68 83 95,0.6558348429971375,0.08521458900213474,0.7410494319992722,96,95,4,28 41 68 83,4,732,0.05,37,98071.0,97512.0,101598.0,97512.0,98071.0,,top_ltm_original,37,2,False,20,89,370.0,1.0,1.0,,2,0,0,,0,False,,6 57 83 97 185 | 95 118 136 161 | 7 28 51 | 29 68 74 133 149 | 41 119 124,top_ltm_mst_trajectory,38,1,True,20,90,380.0,1.0,1.0,2,1,1,2,1.0,0,False,,6 51 57 83 185 | 95 118 136 161 | 7 28 97 | 29 68 74 133 149 | 41 119 124,top_ltm_pairwise_trajectory,38,1,True,20,90,380.0,1.0,1.0,2,1,1,2,1.0,0,False,,6 51 57 83 185 | 95 118 136 161 | 7 28 97 | 29 68 74 133 149 | 41 119 124,top_ltm_mst_trajectory_range_guard,38,1,True,20,90,380.0,1.0,1.0,2,1,1,2,1.0,0,False,,6 51 57 83 185 | 95 118 136 161 | 7 28 97 | 29 68 74 133 149 | 41 119 124
WORK,lin105,lin105__remove_pos_0__facility_17,tsplib_lin105_p5,105,5,EUC_2D,/home/rei-luisinho/xopt/notebooks/experiments_sbpo/artifacts/tsplib_tsp/lin105.tsp,metaheuristic_best_solution,32395.0,16 50 78 87 102,0.137334719998762,0.047316992000560276,0.1846517119993223,17,16,0,50 78 87 102,4,350,0.05,18,32541.0,32395.0,33440.0,32395.0,32541.0,,top_ltm_original,18,2,False,15,58,180.0,1.0,1.0,,2,0,0,,0,False,,46 50 | 78 | 12 13 16 17 24 33 34 | 14 19 102 | 86 87,top_ltm_mst_trajectory,19,1,True,15,59,190.0,1.0,1.0,2,1,1,2,1.0,0,False,,46 50 | 78 | 12 13 16 17 24 33 34 | 14 19 102 | 86 87,top_ltm_pairwise_trajectory,19,1,True,15,59,190.0,1.0,1.0,2,1,1,2,1.0,0,False,,46 50 | 78 | 12 13 16 17 24 33 34 | 14 19 102 | 86 87,top_ltm_mst_trajectory_range_guard,19,1,True,15,59,190.0,1.0,1.0,2,1,1,2,1.0,0,False,,46 50 | 78 | 12 13 16 17 24 33 34 | 14 19 102 | 86 87
WORK,lin105,lin105__remove_pos_1__facility_51,tsplib_lin105_p5,105,5,EUC_2D,/home/rei-luisinho/xopt/notebooks/experiments_sbpo/artifacts/tsplib_tsp/lin105.tsp,metaheuristic_best_solution,32395.0,16 50 78 87 102,0.137334719998762,0.047316992000560276,0.1846517119993223,51,50,1,16 78 87 102,4,350,0.05,18,32541.0,32395.0,33440.0,32395.0,32541.0,,top_ltm_original,18,2,False,15,58,180.0,1.0,1.0,,2,0,0,,0,False,,46 50 | 78 | 12 13 16 17 24 33 34 | 14 19 102 | 86 87,top_ltm_mst_trajectory,19,1,True,15,59,190.0,1.0,1.0,2,1,1,2,1.0,0,False,,46 50 | 78 | 12 13 16 17 24 33 34 | 14 19 102 | 86 87,top_ltm_pairwise_trajectory,19,1,True,15,59,190.0,1.0,1.0,2,1,1,2,1.0,0,False,,46 50 | 78 | 12 13 16 17 24 33 34 | 14 19 102 | 86 87,top_ltm_mst_trajectory_range_guard,19,1,True,15,59,190.0,1.0,1.0,2,1,1,2,1.0,0,False,,46 50 | 78 | 12 13 16 17 24 33 34 | 14 19 102 | 86 87
WORK,lin105,lin105__remove_pos_2__facility_79,tsplib_lin105_p5,105,5,EUC_2D,/home/rei-luisinho/xopt/notebooks/experiments_sbpo/artifacts/tsplib_tsp/lin105.tsp,metaheuristic_best_solution,32395.0,16 50 78 87 102,0.137334719998762,0.047316992000560276,0.1846517119993223,79,78,2,16 50 87 102,4,350,0.05,18,32541.0,32395.0,33440.0,32395.0,32541.0,,top_ltm_original,18,2,False,15,58,180.0,1.0,1.0,,2,0,0,,0,False,,46 50 | 78 | 12 13 16 17 24 33 34 | 14 19 102 | 86 87,top_ltm_mst_trajectory,19,1,True,15,59,190.0,1.0,1.0,2,1,1,2,1.0,0,False,,46 50 | 78 | 12 13 16 17 24 33 34 | 14 19 102 | 86 87,top_ltm_pairwise_trajectory,19,1,True,15,59,190.0,1.0,1.0,2,1,1,2,1.0,0,False,,46 50 | 78 | 12 13 16 17 24 33 34 | 14 19 102 | 86 87,top_ltm_mst_trajectory_range_guard,19,1,True,15,59,190.0,1.0,1.0,2,1,1,2,1.0,0,False,,46 50 | 78 | 12 13 16 17 24 33 34 | 14 19 102 | 86 87
WORK,lin105,lin105__remove_pos_3__facility_88,tsplib_lin105_p5,105,5,EUC_2D,/home/rei-luisinho/xopt/notebooks/experiments_sbpo/artifacts/tsplib_tsp/lin105.tsp,metaheuristic_best_solution,32395.0,16 50 78 87 102,0.137334719998762,0.047316992000560276,0.1846517119993223,88,87,3,16 50 78 102,4,350,0.05,18,32541.0,32395.0,33440.0,32395.0,32541.0,,top_ltm_original,18,2,False,15,58,180.0,1.0,1.0,,2,0,0,,0,False,,46 50 | 78 | 12 13 16 17 24 33 34 | 14 19 102 | 86 87,top_ltm_mst_trajectory,19,1,True,15,59,190.0,1.0,1.0,2,1,1,2,1.0,0,False,,46 50 | 78 | 12 13 16 17 24 33 34 | 14 19 102 | 86 87,top_ltm_pairwise_trajectory,19,1,True,15,59,190.0,1.0,1.0,2,1,1,2,1.0,0,False,,46 50 | 78 | 12 13 16 17 24 33 34 | 14 19 102 | 86 87,top_ltm_mst_trajectory_range_guard,19,1,True,15,59,190.0,1.0,1.0,2,1,1,2,1.0,0,False,,46 50 | 78 | 12 13 16 17 24 33 34 | 14 19 102 | 86 87
WORK,lin105,lin105__remove_pos_4__facility_103,tsplib_lin105_p5,105,5,EUC_2D,/home/rei-luisinho/xopt/notebooks/experiments_sbpo/artifacts/tsplib_tsp/lin105.tsp,metaheuristic_best_solution,32395.0,16 50 78 87 102,0.137334719998762,0.047316992000560276,0.1846517119993223,103,102,4,16 50 78 87,4,350,0.05,18,32541.0,32395.0,33440.0,32395.0,32541.0,,top_ltm_original,18,2,False,15,58,180.0,1.0,1.0,,2,0,0,,0,False,,46 50 | 78 | 12 13 16 17 24 33 34 | 14 19 102 | 86 87,top_ltm_mst_trajectory,19,1,True,15,59,190.0,1.0,1.0,2,1,1,2,1.0,0,False,,46 50 | 78 | 12 13 16 17 24 33 34 | 14 19 102 | 86 87,top_ltm_pairwise_trajectory,19,1,True,15,59,190.0,1.0,1.0,2,1,1,2,1.0,0,False,,46 50 | 78 | 12 13 16 17 24 33 34 | 14 19 102 | 86 87,top_ltm_mst_trajectory_range_guard,19,1,True,15,59,190.0,1.0,1.0,2,1,1,2,1.0,0,False,,46 50 | 78 | 12 13 16 17 24 33 34 | 14 19 102 | 86 87
WORK,rd100,rd100__remove_pos_0__facility_7,tsplib_rd100_p5,100,5,EUC_2D,/home/rei-luisinho/xopt/notebooks/experiments_sbpo/artifacts/tsplib_tsp/rd100.tsp,metaheuristic_best_solution,16404.0,6 20 30 55 89,0.09878535100142471,0.049688305996824056,0.14847365699824877,7,6,0,20 30 55 89,4,317,0.05,16,16441.0,16404.0,17054.0,16404.0,16441.0,,top_ltm_original,16,2,False,14,50,160.0,1.0,1.0,,2,0,0,,0,False,,6 | 45 49 55 64 | 15 30 | 20 74 81 85 | 26 50 89,top_ltm_mst_trajectory,18,1,True,14,53,180.0,1.0,1.0,2,1,2,3,1.0,0,False,,6 | 26 45 49 55 | 15 30 | 20 74 81 85 | 50 64 89,top_ltm_pairwise_trajectory,18,1,True,14,53,180.0,1.0,1.0,2,1,2,3,1.0,0,False,,6 | 26 45 49 55 | 15 30 | 20 74 81 85 | 50 64 89,top_ltm_mst_trajectory_range_guard,18,1,True,14,53,180.0,1.0,1.0,2,1,2,3,1.0,0,False,,6 | 26 45 49 55 | 15 30 | 20 74 81 85 | 50 64 89
WORK,rd100,rd100__remove_pos_1__facility_21,tsplib_rd100_p5,100,5,EUC_2D,/home/rei-luisinho/xopt/notebooks/experiments_sbpo/artifacts/tsplib_tsp/rd100.tsp,metaheuristic_best_solution,16404.0,6 20 30 55 89,0.09878535100142471,0.049688305996824056,0.14847365699824877,21,20,1,6 30 55 89,4,317,0.05,16,16441.0,16404.0,17054.0,16404.0,16441.0,,top_ltm_original,16,2,False,14,50,160.0,1.0,1.0,,2,0,0,,0,False,,6 | 45 49 55 64 | 15 30 | 20 74 81 85 | 26 50 89,top_ltm_mst_trajectory,18,1,True,14,53,180.0,1.0,1.0,2,1,2,3,1.0,0,False,,6 | 26 45 49 55 | 15 30 | 20 74 81 85 | 50 64 89,top_ltm_pairwise_trajectory,18,1,True,14,53,180.0,1.0,1.0,2,1,2,3,1.0,0,False,,6 | 26 45 49 55 | 15 30 | 20 74 81 85 | 50 64 89,top_ltm_mst_trajectory_range_guard,18,1,True,14,53,180.0,1.0,1.0,2,1,2,3,1.0,0,False,,6 | 26 45 49 55 | 15 30 | 20 74 81 85 | 50 64 89
WORK,rd100,rd100__remove_pos_2__facility_31,tsplib_rd100_p5,100,5,EUC_2D,/home/rei-luisinho/xopt/notebooks/experiments_sbpo/artifacts/tsplib_tsp/rd100.tsp,metaheuristic_best_solution,16404.0,6 20 30 55 89,0.09878535100142471,0.049688305996824056,0.14847365699824877,31,30,2,6 20 55 89,4,317,0.05,16,16441.0,16404.0,17054.0,16404.0,16441.0,,top_ltm_original,16,2,False,14,50,160.0,1.0,1.0,,2,0,0,,0,False,,6 | 45 49 55 64 | 15 30 | 20 74 81 85 | 26 50 89,top_ltm_mst_trajectory,18,1,True,14,53,180.0,1.0,1.0,2,1,2,3,1.0,0,False,,6 | 26 45 49 55 | 15 30 | 20 74 81 85 | 50 64 89,top_ltm_pairwise_trajectory,18,1,True,14,53,180.0,1.0,1.0,2,1,2,3,1.0,0,False,,6 | 26 45 49 55 | 15 30 | 20 74 81 85 | 50 64 89,top_ltm_mst_trajectory_range_guard,18,1,True,14,53,180.0,1.0,1.0,2,1,2,3,1.0,0,False,,6 | 26 45 49 55 | 15 30 | 20 74 81 85 | 50 64 89
WORK,rd100,rd100__remove_pos_3__facility_56,tsplib_rd100_p5,100,5,EUC_2D,/home/rei-luisinho/xopt/notebooks/experiments_sbpo/artifacts/tsplib_tsp/rd100.tsp,metaheuristic_best_solution,16404.0,6 20 30 55 89,0.09878535100142471,0.049688305996824056,0.14847365699824877,56,55,3,6 20 30 89,4,317,0.05,16,16441.0,16404.0,17054.0,16404.0,16441.0,,top_ltm_original,16,2,False,14,50,160.0,1.0,1.0,,2,0,0,,0,False,,6 | 45 49 55 64 | 15 30 | 20 74 81 85 | 26 50 89,top_ltm_mst_trajectory,18,1,True,14,53,180.0,1.0,1.0,2,1,2,3,1.0,0,False,,6 | 26 45 49 55 | 15 30 | 20 74 81 85 | 50 64 89,top_ltm_pairwise_trajectory,18,1,True,14,53,180.0,1.0,1.0,2,1,2,3,1.0,0,False,,6 | 26 45 49 55 | 15 30 | 20 74 81 85 | 50 64 89,top_ltm_mst_trajectory_range_guard,18,1,True,14,53,180.0,1.0,1.0,2,1,2,3,1.0,0,False,,6 | 26 45 49 55 | 15 30 | 20 74 81 85 | 50 64 89
WORK,rd100,rd100__remove_pos_4__facility_90,tsplib_rd100_p5,100,5,EUC_2D,/home/rei-luisinho/xopt/notebooks/experiments_sbpo/artifacts/tsplib_tsp/rd100.tsp,metaheuristic_best_solution,16404.0,6 20 30 55 89,0.09878535100142471,0.049688305996824056,0.14847365699824877,90,89,4,6 20 30 55,4,317,0.05,16,16441.0,16404.0,17054.0,16404.0,16441.0,,top_ltm_original,16,2,False,14,50,160.0,1.0,1.0,,2,0,0,,0,False,,6 | 45 49 55 64 | 15 30 | 20 74 81 85 | 26 50 89,top_ltm_mst_trajectory,18,1,True,14,53,180.0,1.0,1.0,2,1,2,3,1.0,0,False,,6 | 26 45 49 55 | 15 30 | 20 74 81 85 | 50 64 89,top_ltm_pairwise_trajectory,18,1,True,14,53,180.0,1.0,1.0,2,1,2,3,1.0,0,False,,6 | 26 45 49 55 | 15 30 | 20 74 81 85 | 50 64 89,top_ltm_mst_trajectory_range_guard,18,1,True,14,53,180.0,1.0,1.0,2,1,2,3,1.0,0,False,,6 | 26 45 49 55 | 15 30 | 20 74 81 85 | 50 64 89
WORK,u574,u574__remove_pos_0__facility_10,tsplib_u574_p5,574,5,EUC_2D,/home/rei-luisinho/xopt/notebooks/experiments_sbpo/artifacts/tsplib_tsp/u574.tsp,metaheuristic_best_solution,212074.0,9 121 177 405 514,13.767728442006046,0.19118295999942347,13.95891140200547,10,9,0,121 177 405 514,4,1796,0.05,90,212341.0,212074.0,215394.0,212074.0,212341.0,,top_ltm_original,90,2,False,30,147,900.0,1.0,1.0,,2,0,0,,0,False,,98 117 118 119 120 121 122 | 6 7 8 9 466 468 557 | 183 209 476 477 513 514 515 516 | 176 177 178 179 180 554 | 381 405,top_ltm_mst_trajectory,93,1,True,30,153,930.0,1.0,1.0,2,1,3,4,1.0,0,False,,98 117 118 119 120 121 122 | 381 405 | 6 7 8 9 554 557 | 176 177 178 179 180 183 209 | 466 468 476 477 513 514 515 516,top_ltm_pairwise_trajectory,93,1,True,30,153,930.0,1.0,1.0,2,1,3,4,1.0,0,False,,98 117 118 119 120 121 122 | 381 405 | 6 7 8 9 554 557 | 176 177 178 179 180 183 209 | 466 468 476 477 513 514 515 516,top_ltm_mst_trajectory_range_guard,93,1,True,30,153,930.0,1.0,1.0,2,1,3,4,1.0,0,False,,98 117 118 119 120 121 122 | 381 405 | 6 7 8 9 554 557 | 176 177 178 179 180 183 209 | 466 468 476 477 513 514 515 516
WORK,u574,u574__remove_pos_1__facility_122,tsplib_u574_p5,574,5,EUC_2D,/home/rei-luisinho/xopt/notebooks/experiments_sbpo/artifacts/tsplib_tsp/u574.tsp,metaheuristic_best_solution,212074.0,9 121 177 405 514,13.767728442006046,0.19118295999942347,13.95891140200547,122,121,1,9 177 405 514,4,1796,0.05,90,212341.0,212074.0,215394.0,212074.0,212341.0,,top_ltm_original,90,2,False,30,147,900.0,1.0,1.0,,2,0,0,,0,False,,98 117 118 119 120 121 122 | 6 7 8 9 466 468 557 | 183 209 476 477 513 514 515 516 | 176 177 178 179 180 554 | 381 405,top_ltm_mst_trajectory,93,1,True,30,153,930.0,1.0,1.0,2,1,3,4,1.0,0,False,,98 117 118 119 120 121 122 | 381 405 | 6 7 8 9 554 557 | 176 177 178 179 180 183 209 | 466 468 476 477 513 514 515 516,top_ltm_pairwise_trajectory,93,1,True,30,153,930.0,1.0,1.0,2,1,3,4,1.0,0,False,,98 117 118 119 120 121 122 | 381 405 | 6 7 8 9 554 557 | 176 177 178 179 180 183 209 | 466 468 476 477 513 514 515 516,top_ltm_mst_trajectory_range_guard,93,1,True,30,153,930.0,1.0,1.0,2,1,3,4,1.0,0,False,,98 117 118 119 120 121 122 | 381 405 | 6 7 8 9 554 557 | 176 177 178 179 180 183 209 | 466 468 476 477 513 514 515 516
WORK,u574,u574__remove_pos_2__facility_178,tsplib_u574_p5,574,5,EUC_2D,/home/rei-luisinho/xopt/notebooks/experiments_sbpo/artifacts/tsplib_tsp/u574.tsp,metaheuristic_best_solution,212074.0,9 121 177 405 514,13.767728442006046,0.19118295999942347,13.95891140200547,178,177,2,9 121 405 514,4,1796,0.05,90,212341.0,212074.0,215394.0,212074.0,212341.0,,top_ltm_original,90,2,False,30,147,900.0,1.0,1.0,,2,0,0,,0,False,,98 117 118 119 120 121 122 | 6 7 8 9 466 468 557 | 183 209 476 477 513 514 515 516 | 176 177 178 179 180 554 | 381 405,top_ltm_mst_trajectory,93,1,True,30,153,930.0,1.0,1.0,2,1,3,4,1.0,0,False,,98 117 118 119 120 121 122 | 381 405 | 6 7 8 9 554 557 | 176 177 178 179 180 183 209 | 466 468 476 477 513 514 515 516,top_ltm_pairwise_trajectory,93,1,True,30,153,930.0,1.0,1.0,2,1,3,4,1.0,0,False,,98 117 118 119 120 121 122 | 381 405 | 6 7 8 9 554 557 | 176 177 178 179 180 183 209 | 466 468 476 477 513 514 515 516,top_ltm_mst_trajectory_range_guard,93,1,True,30,153,930.0,1.0,1.0,2,1,3,4,1.0,0,False,,98 117 118 119 120 121 122 | 381 405 | 6 7 8 9 554 557 | 176 177 178 179 180 183 209 | 466 468 476 477 513 514 515 516
WORK,u574,u574__remove_pos_3__facility_406,tsplib_u574_p5,574,5,EUC_2D,/home/rei-luisinho/xopt/notebooks/experiments_sbpo/artifacts/tsplib_tsp/u574.tsp,metaheuristic_best_solution,212074.0,9 121 177 405 514,13.767728442006046,0.19118295999942347,13.95891140200547,406,405,3,9 121 177 514,4,1796,0.05,90,212341.0,212074.0,215394.0,212074.0,212341.0,,top_ltm_original,90,2,False,30,147,900.0,1.0,1.0,,2,0,0,,0,False,,98 117 118 119 120 121 122 | 6 7 8 9 466 468 557 | 183 209 476 477 513 514 515 516 | 176 177 178 179 180 554 | 381 405,top_ltm_mst_trajectory,93,1,True,30,153,930.0,1.0,1.0,2,1,3,4,1.0,0,False,,98 117 118 119 120 121 122 | 381 405 | 6 7 8 9 554 557 | 176 177 178 179 180 183 209 | 466 468 476 477 513 514 515 516,top_ltm_pairwise_trajectory,93,1,True,30,153,930.0,1.0,1.0,2,1,3,4,1.0,0,False,,98 117 118 119 120 121 122 | 381 405 | 6 7 8 9 554 557 | 176 177 178 179 180 183 209 | 466 468 476 477 513 514 515 516,top_ltm_mst_trajectory_range_guard,93,1,True,30,153,930.0,1.0,1.0,2,1,3,4,1.0,0,False,,98 117 118 119 120 121 122 | 381 405 | 6 7 8 9 554 557 | 176 177 178 179 180 183 209 | 466 468 476 477 513 514 515 516
WORK,u574,u574__remove_pos_4__facility_515,tsplib_u574_p5,574,5,EUC_2D,/home/rei-luisinho/xopt/notebooks/experiments_sbpo/artifacts/tsplib_tsp/u574.tsp,metaheuristic_best_solution,212074.0,9 121 177 405 514,13.767728442006046,0.19118295999942347,13.95891140200547,515,514,4,9 121 177 405,4,1796,0.05,90,212341.0,212074.0,215394.0,212074.0,212341.0,,top_ltm_original,90,2,False,30,147,900.0,1.0,1.0,,2,0,0,,0,False,,98 117 118 119 120 121 122 | 6 7 8 9 466 468 557 | 183 209 476 477 513 514 515 516 | 176 177 178 179 180 554 | 381 405,top_ltm_mst_trajectory,93,1,True,30,153,930.0,1.0,1.0,2,1,3,4,1.0,0,False,,98 117 118 119 120 121 122 | 381 405 | 6 7 8 9 554 557 | 176 177 178 179 180 183 209 | 466 468 476 477 513 514 515 516,top_ltm_pairwise_trajectory,93,1,True,30,153,930.0,1.0,1.0,2,1,3,4,1.0,0,False,,98 117 118 119 120 121 122 | 381 405 | 6 7 8 9 554 557 | 176 177 178 179 180 183 209 | 466 468 476 477 513 514 515 516,top_ltm_mst_trajectory_range_guard,93,1,True,30,153,930.0,1.0,1.0,2,1,3,4,1.0,0,False,,98 117 118 119 120 121 122 | 381 405 | 6 7 8 9 554 557 | 176 177 178 179 180 183 209 | 466 468 476 477 513 514 515 516
NOT WORK,bier127,bier127__remove_pos_0__facility_11,tsplib_bier127_p5,127,5,EUC_2D,/home/rei-luisinho/xopt/notebooks/experiments_sbpo/artifacts/tsplib_tsp/bier127.tsp,metaheuristic_best_solution,233099.0,10 37 52 80 108,0.150662320003903,0.04747359999601031,0.1981359199999133,11,10,0,37 52 80 108,4,388,0.05,20,233750.0,233099.0,236553.0,233099.0,233750.0,,top_ltm_original,20,2,False,17,64,200.0,1.0,1.0,,2,0,0,,0,False,,8 10 90 | 52 | 33 37 38 | 68 84 85 86 108 | 5 80 83 107 125,top_ltm_mst_trajectory,22,1,True,17,67,220.0,1.0,1.0,2,1,2,3,1.0,0,False,,68 84 85 86 108 | 33 37 38 | 52 | 80 83 90 125 | 5 8 10 107,top_ltm_pairwise_trajectory,22,1,True,17,67,220.0,1.0,1.0,2,1,2,3,1.0,0,False,,68 84 85 86 108 | 33 37 38 | 52 | 80 83 90 125 | 5 8 10 107,top_ltm_mst_trajectory_range_guard,17,1,True,13,48,170.0,1.0,1.0,2,1,0,0,1.0,2,True,17.0,84 85 86 108 | 80 83 125 | 33 37 38 | 8 10 | 52
NOT WORK,bier127,bier127__remove_pos_1__facility_38,tsplib_bier127_p5,127,5,EUC_2D,/home/rei-luisinho/xopt/notebooks/experiments_sbpo/artifacts/tsplib_tsp/bier127.tsp,metaheuristic_best_solution,233099.0,10 37 52 80 108,0.150662320003903,0.04747359999601031,0.1981359199999133,38,37,1,10 52 80 108,4,388,0.05,20,233750.0,233099.0,236553.0,233099.0,233750.0,,top_ltm_original,20,2,False,17,64,200.0,1.0,1.0,,2,0,0,,0,False,,8 10 90 | 52 | 33 37 38 | 68 84 85 86 108 | 5 80 83 107 125,top_ltm_mst_trajectory,22,1,True,17,67,220.0,1.0,1.0,2,1,2,3,1.0,0,False,,68 84 85 86 108 | 33 37 38 | 52 | 80 83 90 125 | 5 8 10 107,top_ltm_pairwise_trajectory,22,1,True,17,67,220.0,1.0,1.0,2,1,2,3,1.0,0,False,,68 84 85 86 108 | 33 37 38 | 52 | 80 83 90 125 | 5 8 10 107,top_ltm_mst_trajectory_range_guard,17,1,True,13,48,170.0,1.0,1.0,2,1,0,0,1.0,2,True,17.0,84 85 86 108 | 80 83 125 | 33 37 38 | 8 10 | 52
NOT WORK,bier127,bier127__remove_pos_2__facility_53,tsplib_bier127_p5,127,5,EUC_2D,/home/rei-luisinho/xopt/notebooks/experiments_sbpo/artifacts/tsplib_tsp/bier127.tsp,metaheuristic_best_solution,233099.0,10 37 52 80 108,0.150662320003903,0.04747359999601031,0.1981359199999133,53,52,2,10 37 80 108,4,388,0.05,20,233750.0,233099.0,236553.0,233099.0,233750.0,,top_ltm_original,20,2,False,17,64,200.0,1.0,1.0,,2,0,0,,0,False,,8 10 90 | 52 | 33 37 38 | 68 84 85 86 108 | 5 80 83 107 125,top_ltm_mst_trajectory,22,1,True,17,67,220.0,1.0,1.0,2,1,2,3,1.0,0,False,,68 84 85 86 108 | 33 37 38 | 52 | 80 83 90 125 | 5 8 10 107,top_ltm_pairwise_trajectory,22,1,True,17,67,220.0,1.0,1.0,2,1,2,3,1.0,0,False,,68 84 85 86 108 | 33 37 38 | 52 | 80 83 90 125 | 5 8 10 107,top_ltm_mst_trajectory_range_guard,17,1,True,13,48,170.0,1.0,1.0,2,1,0,0,1.0,2,True,17.0,84 85 86 108 | 80 83 125 | 33 37 38 | 8 10 | 52
NOT WORK,bier127,bier127__remove_pos_3__facility_81,tsplib_bier127_p5,127,5,EUC_2D,/home/rei-luisinho/xopt/notebooks/experiments_sbpo/artifacts/tsplib_tsp/bier127.tsp,metaheuristic_best_solution,233099.0,10 37 52 80 108,0.150662320003903,0.04747359999601031,0.1981359199999133,81,80,3,10 37 52 108,4,388,0.05,20,233750.0,233099.0,236553.0,233099.0,233750.0,,top_ltm_original,20,2,False,17,64,200.0,1.0,1.0,,2,0,0,,0,False,,8 10 90 | 52 | 33 37 38 | 68 84 85 86 108 | 5 80 83 107 125,top_ltm_mst_trajectory,22,1,True,17,67,220.0,1.0,1.0,2,1,2,3,1.0,0,False,,68 84 85 86 108 | 33 37 38 | 52 | 80 83 90 125 | 5 8 10 107,top_ltm_pairwise_trajectory,22,1,True,17,67,220.0,1.0,1.0,2,1,2,3,1.0,0,False,,68 84 85 86 108 | 33 37 38 | 52 | 80 83 90 125 | 5 8 10 107,top_ltm_mst_trajectory_range_guard,17,1,True,13,48,170.0,1.0,1.0,2,1,0,0,1.0,2,True,17.0,84 85 86 108 | 80 83 125 | 33 37 38 | 8 10 | 52
NOT WORK,bier127,bier127__remove_pos_4__facility_109,tsplib_bier127_p5,127,5,EUC_2D,/home/rei-luisinho/xopt/notebooks/experiments_sbpo/artifacts/tsplib_tsp/bier127.tsp,metaheuristic_best_solution,233099.0,10 37 52 80 108,0.150662320003903,0.04747359999601031,0.1981359199999133,109,108,4,10 37 52 80,4,388,0.05,20,233750.0,233099.0,236553.0,233099.0,233750.0,,top_ltm_original,20,2,False,17,64,200.0,1.0,1.0,,2,0,0,,0,False,,8 10 90 | 52 | 33 37 38 | 68 84 85 86 108 | 5 80 83 107 125,top_ltm_mst_trajectory,22,1,True,17,67,220.0,1.0,1.0,2,1,2,3,1.0,0,False,,68 84 85 86 108 | 33 37 38 | 52 | 80 83 90 125 | 5 8 10 107,top_ltm_pairwise_trajectory,22,1,True,17,67,220.0,1.0,1.0,2,1,2,3,1.0,0,False,,68 84 85 86 108 | 33 37 38 | 52 | 80 83 90 125 | 5 8 10 107,top_ltm_mst_trajectory_range_guard,17,1,True,13,48,170.0,1.0,1.0,2,1,0,0,1.0,2,True,17.0,84 85 86 108 | 80 83 125 | 33 37 38 | 8 10 | 52
NOT WORK,pr136,pr136__remove_pos_0__facility_14,tsplib_pr136_p5,136,5,EUC_2D,/home/rei-luisinho/xopt/notebooks/experiments_sbpo/artifacts/tsplib_tsp/pr136.tsp,metaheuristic_best_solution,220692.0,13 30 57 103 105,0.18500641099672066,0.07134462799876928,0.25635103899548994,14,13,0,30 57 103 105,4,626,0.05,32,220692.0,220692.0,223689.0,220692.0,220692.0,,top_ltm_original,32,4,False,18,75,320.0,1.0,0.9,,4,0,0,,0,False,,23 32 35 | 27 30 37 | 71 74 98 105 | 69 78 100 103 | 115 117 119 122,top_ltm_mst_trajectory,36,1,True,18,80,360.0,0.9972222222222222,0.9,4,1,4,7,3.0,0,False,,27 30 37 | 32 35 69 | 100 103 115 122 | 23 71 74 78 | 98 105 117 119,top_ltm_pairwise_trajectory,46,1,True,18,91,460.0,1.0,0.9,4,1,14,20,6.0,0,False,,69 71 74 78 | 98 105 117 119 | 27 30 37 | 23 32 35 | 100 103 115 122,top_ltm_mst_trajectory_range_guard,8,1,True,8,25,80.0,1.0,0.7,4,1,0,0,3.0,2,True,8.0,30 37 | 98 105 | 78 | 115 122 | 32
NOT WORK,pr136,pr136__remove_pos_1__facility_31,tsplib_pr136_p5,136,5,EUC_2D,/home/rei-luisinho/xopt/notebooks/experiments_sbpo/artifacts/tsplib_tsp/pr136.tsp,metaheuristic_best_solution,220692.0,13 30 57 103 105,0.18500641099672066,0.07134462799876928,0.25635103899548994,31,30,1,13 57 103 105,4,626,0.05,32,220692.0,220692.0,223689.0,220692.0,220692.0,,top_ltm_original,32,4,False,18,75,320.0,1.0,0.9,,4,0,0,,0,False,,23 32 35 | 27 30 37 | 71 74 98 105 | 69 78 100 103 | 115 117 119 122,top_ltm_mst_trajectory,36,1,True,18,80,360.0,0.9972222222222222,0.9,4,1,4,7,3.0,0,False,,27 30 37 | 32 35 69 | 100 103 115 122 | 23 71 74 78 | 98 105 117 119,top_ltm_pairwise_trajectory,46,1,True,18,91,460.0,1.0,0.9,4,1,14,20,6.0,0,False,,69 71 74 78 | 98 105 117 119 | 27 30 37 | 23 32 35 | 100 103 115 122,top_ltm_mst_trajectory_range_guard,8,1,True,8,25,80.0,1.0,0.7,4,1,0,0,3.0,2,True,8.0,30 37 | 98 105 | 78 | 115 122 | 32
NOT WORK,pr136,pr136__remove_pos_2__facility_58,tsplib_pr136_p5,136,5,EUC_2D,/home/rei-luisinho/xopt/notebooks/experiments_sbpo/artifacts/tsplib_tsp/pr136.tsp,metaheuristic_best_solution,220692.0,13 30 57 103 105,0.18500641099672066,0.07134462799876928,0.25635103899548994,58,57,2,13 30 103 105,4,626,0.05,32,220692.0,220692.0,223689.0,220692.0,220692.0,,top_ltm_original,32,4,False,18,75,320.0,1.0,0.9,,4,0,0,,0,False,,23 32 35 | 27 30 37 | 71 74 98 105 | 69 78 100 103 | 115 117 119 122,top_ltm_mst_trajectory,36,1,True,18,80,360.0,0.9972222222222222,0.9,4,1,4,7,3.0,0,False,,27 30 37 | 32 35 69 | 100 103 115 122 | 23 71 74 78 | 98 105 117 119,top_ltm_pairwise_trajectory,46,1,True,18,91,460.0,1.0,0.9,4,1,14,20,6.0,0,False,,69 71 74 78 | 98 105 117 119 | 27 30 37 | 23 32 35 | 100 103 115 122,top_ltm_mst_trajectory_range_guard,8,1,True,8,25,80.0,1.0,0.7,4,1,0,0,3.0,2,True,8.0,30 37 | 98 105 | 78 | 115 122 | 32
NOT WORK,pr136,pr136__remove_pos_3__facility_104,tsplib_pr136_p5,136,5,EUC_2D,/home/rei-luisinho/xopt/notebooks/experiments_sbpo/artifacts/tsplib_tsp/pr136.tsp,metaheuristic_best_solution,220692.0,13 30 57 103 105,0.18500641099672066,0.07134462799876928,0.25635103899548994,104,103,3,13 30 57 105,4,626,0.05,32,220692.0,220692.0,223689.0,220692.0,220692.0,,top_ltm_original,32,4,False,18,75,320.0,1.0,0.9,,4,0,0,,0,False,,23 32 35 | 27 30 37 | 71 74 98 105 | 69 78 100 103 | 115 117 119 122,top_ltm_mst_trajectory,36,1,True,18,80,360.0,0.9972222222222222,0.9,4,1,4,7,3.0,0,False,,27 30 37 | 32 35 69 | 100 103 115 122 | 23 71 74 78 | 98 105 117 119,top_ltm_pairwise_trajectory,46,1,True,18,91,460.0,1.0,0.9,4,1,14,20,6.0,0,False,,69 71 74 78 | 98 105 117 119 | 27 30 37 | 23 32 35 | 100 103 115 122,top_ltm_mst_trajectory_range_guard,8,1,True,8,25,80.0,1.0,0.7,4,1,0,0,3.0,2,True,8.0,30 37 | 98 105 | 78 | 115 122 | 32
NOT WORK,pr136,pr136__remove_pos_4__facility_106,tsplib_pr136_p5,136,5,EUC_2D,/home/rei-luisinho/xopt/notebooks/experiments_sbpo/artifacts/tsplib_tsp/pr136.tsp,metaheuristic_best_solution,220692.0,13 30 57 103 105,0.18500641099672066,0.07134462799876928,0.25635103899548994,106,105,4,13 30 57 103,4,626,0.05,32,220692.0,220692.0,223689.0,220692.0,220692.0,,top_ltm_original,32,4,False,18,75,320.0,1.0,0.9,,4,0,0,,0,False,,23 32 35 | 27 30 37 | 71 74 98 105 | 69 78 100 103 | 115 117 119 122,top_ltm_mst_trajectory,36,1,True,18,80,360.0,0.9972222222222222,0.9,4,1,4,7,3.0,0,False,,27 30 37 | 32 35 69 | 100 103 115 122 | 23 71 74 78 | 98 105 117 119,top_ltm_pairwise_trajectory,46,1,True,18,91,460.0,1.0,0.9,4,1,14,20,6.0,0,False,,69 71 74 78 | 98 105 117 119 | 27 30 37 | 23 32 35 | 100 103 115 122,top_ltm_mst_trajectory_range_guard,8,1,True,8,25,80.0,1.0,0.7,4,1,0,0,3.0,2,True,8.0,30 37 | 98 105 | 78 | 115 122 | 32
NOT WORK,pr226,pr226__remove_pos_0__facility_8,tsplib_pr226_p5,226,5,EUC_2D,/home/rei-luisinho/xopt/notebooks/experiments_sbpo/artifacts/tsplib_tsp/pr226.tsp,metaheuristic_best_solution,396560.0,7 48 93 131 171,0.6999993630015524,0.07011898400378413,0.7701183470053365,8,7,0,48 93 131 171,4,807,0.05,41,397137.0,396560.0,399453.0,396560.0,397137.0,,top_ltm_original,41,2,False,19,88,410.0,1.0,1.0,,2,0,0,,0,False,,131 206 207 208 209 | 27 48 | 7 71 | 109 117 170 171 172 173 | 92 93 101 149,top_ltm_mst_trajectory,43,1,True,19,91,430.0,1.0,1.0,2,1,2,3,1.0,0,False,,170 171 172 173 206 207 208 209 | 27 48 | 92 93 101 149 | 109 117 131 | 7 71,top_ltm_pairwise_trajectory,43,1,True,19,91,430.0,1.0,1.0,2,1,2,3,1.0,0,False,,170 171 172 173 206 207 208 209 | 27 48 | 92 93 101 149 | 109 117 131 | 7 71,top_ltm_mst_trajectory_range_guard,29,1,True,12,52,290.0,1.0,1.0,2,1,0,0,1.0,2,True,29.0,7 71 | 170 171 172 173 | 27 48 | 131 | 92 93 101
NOT WORK,pr226,pr226__remove_pos_1__facility_49,tsplib_pr226_p5,226,5,EUC_2D,/home/rei-luisinho/xopt/notebooks/experiments_sbpo/artifacts/tsplib_tsp/pr226.tsp,metaheuristic_best_solution,396560.0,7 48 93 131 171,0.6999993630015524,0.07011898400378413,0.7701183470053365,49,48,1,7 93 131 171,4,807,0.05,41,397137.0,396560.0,399453.0,396560.0,397137.0,,top_ltm_original,41,2,False,19,88,410.0,1.0,1.0,,2,0,0,,0,False,,131 206 207 208 209 | 27 48 | 7 71 | 109 117 170 171 172 173 | 92 93 101 149,top_ltm_mst_trajectory,43,1,True,19,91,430.0,1.0,1.0,2,1,2,3,1.0,0,False,,170 171 172 173 206 207 208 209 | 27 48 | 92 93 101 149 | 109 117 131 | 7 71,top_ltm_pairwise_trajectory,43,1,True,19,91,430.0,1.0,1.0,2,1,2,3,1.0,0,False,,170 171 172 173 206 207 208 209 | 27 48 | 92 93 101 149 | 109 117 131 | 7 71,top_ltm_mst_trajectory_range_guard,29,1,True,12,52,290.0,1.0,1.0,2,1,0,0,1.0,2,True,29.0,7 71 | 170 171 172 173 | 27 48 | 131 | 92 93 101
NOT WORK,pr226,pr226__remove_pos_2__facility_94,tsplib_pr226_p5,226,5,EUC_2D,/home/rei-luisinho/xopt/notebooks/experiments_sbpo/artifacts/tsplib_tsp/pr226.tsp,metaheuristic_best_solution,396560.0,7 48 93 131 171,0.6999993630015524,0.07011898400378413,0.7701183470053365,94,93,2,7 48 131 171,4,807,0.05,41,397137.0,396560.0,399453.0,396560.0,397137.0,,top_ltm_original,41,2,False,19,88,410.0,1.0,1.0,,2,0,0,,0,False,,131 206 207 208 209 | 27 48 | 7 71 | 109 117 170 171 172 173 | 92 93 101 149,top_ltm_mst_trajectory,43,1,True,19,91,430.0,1.0,1.0,2,1,2,3,1.0,0,False,,170 171 172 173 206 207 208 209 | 27 48 | 92 93 101 149 | 109 117 131 | 7 71,top_ltm_pairwise_trajectory,43,1,True,19,91,430.0,1.0,1.0,2,1,2,3,1.0,0,False,,170 171 172 173 206 207 208 209 | 27 48 | 92 93 101 149 | 109 117 131 | 7 71,top_ltm_mst_trajectory_range_guard,29,1,True,12,52,290.0,1.0,1.0,2,1,0,0,1.0,2,True,29.0,7 71 | 170 171 172 173 | 27 48 | 131 | 92 93 101
NOT WORK,pr226,pr226__remove_pos_3__facility_132,tsplib_pr226_p5,226,5,EUC_2D,/home/rei-luisinho/xopt/notebooks/experiments_sbpo/artifacts/tsplib_tsp/pr226.tsp,metaheuristic_best_solution,396560.0,7 48 93 131 171,0.6999993630015524,0.07011898400378413,0.7701183470053365,132,131,3,7 48 93 171,4,807,0.05,41,397137.0,396560.0,399453.0,396560.0,397137.0,,top_ltm_original,41,2,False,19,88,410.0,1.0,1.0,,2,0,0,,0,False,,131 206 207 208 209 | 27 48 | 7 71 | 109 117 170 171 172 173 | 92 93 101 149,top_ltm_mst_trajectory,43,1,True,19,91,430.0,1.0,1.0,2,1,2,3,1.0,0,False,,170 171 172 173 206 207 208 209 | 27 48 | 92 93 101 149 | 109 117 131 | 7 71,top_ltm_pairwise_trajectory,43,1,True,19,91,430.0,1.0,1.0,2,1,2,3,1.0,0,False,,170 171 172 173 206 207 208 209 | 27 48 | 92 93 101 149 | 109 117 131 | 7 71,top_ltm_mst_trajectory_range_guard,29,1,True,12,52,290.0,1.0,1.0,2,1,0,0,1.0,2,True,29.0,7 71 | 170 171 172 173 | 27 48 | 131 | 92 93 101
NOT WORK,pr226,pr226__remove_pos_4__facility_172,tsplib_pr226_p5,226,5,EUC_2D,/home/rei-luisinho/xopt/notebooks/experiments_sbpo/artifacts/tsplib_tsp/pr226.tsp,metaheuristic_best_solution,396560.0,7 48 93 131 171,0.6999993630015524,0.07011898400378413,0.7701183470053365,172,171,4,7 48 93 131,4,807,0.05,41,397137.0,396560.0,399453.0,396560.0,397137.0,,top_ltm_original,41,2,False,19,88,410.0,1.0,1.0,,2,0,0,,0,False,,131 206 207 208 209 | 27 48 | 7 71 | 109 117 170 171 172 173 | 92 93 101 149,top_ltm_mst_trajectory,43,1,True,19,91,430.0,1.0,1.0,2,1,2,3,1.0,0,False,,170 171 172 173 206 207 208 209 | 27 48 | 92 93 101 149 | 109 117 131 | 7 71,top_ltm_pairwise_trajectory,43,1,True,19,91,430.0,1.0,1.0,2,1,2,3,1.0,0,False,,170 171 172 173 206 207 208 209 | 27 48 | 92 93 101 149 | 109 117 131 | 7 71,top_ltm_mst_trajectory_range_guard,29,1,True,12,52,290.0,1.0,1.0,2,1,0,0,1.0,2,True,29.0,7 71 | 170 171 172 173 | 27 48 | 131 | 92 93 101
NOT WORK,rat195,rat195__remove_pos_0__facility_34,tsplib_rat195_p5,195,5,EUC_2D,/home/rei-luisinho/xopt/notebooks/experiments_sbpo/artifacts/tsplib_tsp/rat195.tsp,metaheuristic_best_solution,6894.0,33 81 100 145 164,0.5020368330006022,0.1691699980001431,0.6712068310007453,34,33,0,81 100 145 164,4,731,0.05,37,6916.0,6894.0,6997.0,6894.0,6916.0,,top_ltm_original,37,7,False,34,141,370.0,0.9972972972972973,1.0,,7,0,0,,0,False,,29 34 75 87 88 100 101 | 31 35 36 41 67 68 81 | 145 146 158 159 161 177 | 113 114 133 152 162 164 165 | 20 33 94 95 96 97 98,top_ltm_mst_trajectory,47,1,True,34,153,470.0,0.9914893617021276,1.0,7,1,10,16,6.0,0,False,,133 145 146 158 159 161 162 | 113 114 152 164 165 177 | 94 95 96 97 98 100 101 | 20 33 35 36 41 75 87 88 | 29 31 34 67 68 81,top_ltm_pairwise_trajectory,93,1,True,34,224,930.0,0.9709677419354839,1.0,7,1,56,79,21.0,0,False,,20 31 33 34 35 36 | 29 75 87 88 98 100 101 | 152 161 162 164 165 177 | 113 114 133 145 146 158 159 | 41 67 68 81 94 95 96 97,top_ltm_mst_trajectory_range_guard,14,1,True,12,44,140.0,1.0,1.0,7,1,0,0,6.0,4,True,14.0,145 146 159 | 164 165 | 67 68 81 | 20 33 | 100 101
NOT WORK,rat195,rat195__remove_pos_1__facility_82,tsplib_rat195_p5,195,5,EUC_2D,/home/rei-luisinho/xopt/notebooks/experiments_sbpo/artifacts/tsplib_tsp/rat195.tsp,metaheuristic_best_solution,6894.0,33 81 100 145 164,0.5020368330006022,0.1691699980001431,0.6712068310007453,82,81,1,33 100 145 164,4,731,0.05,37,6916.0,6894.0,6997.0,6894.0,6916.0,,top_ltm_original,37,7,False,34,141,370.0,0.9972972972972973,1.0,,7,0,0,,0,False,,29 34 75 87 88 100 101 | 31 35 36 41 67 68 81 | 145 146 158 159 161 177 | 113 114 133 152 162 164 165 | 20 33 94 95 96 97 98,top_ltm_mst_trajectory,47,1,True,34,153,470.0,0.9914893617021276,1.0,7,1,10,16,6.0,0,False,,133 145 146 158 159 161 162 | 113 114 152 164 165 177 | 94 95 96 97 98 100 101 | 20 33 35 36 41 75 87 88 | 29 31 34 67 68 81,top_ltm_pairwise_trajectory,93,1,True,34,224,930.0,0.9709677419354839,1.0,7,1,56,79,21.0,0,False,,20 31 33 34 35 36 | 29 75 87 88 98 100 101 | 152 161 162 164 165 177 | 113 114 133 145 146 158 159 | 41 67 68 81 94 95 96 97,top_ltm_mst_trajectory_range_guard,14,1,True,12,44,140.0,1.0,1.0,7,1,0,0,6.0,4,True,14.0,145 146 159 | 164 165 | 67 68 81 | 20 33 | 100 101
NOT WORK,rat195,rat195__remove_pos_2__facility_101,tsplib_rat195_p5,195,5,EUC_2D,/home/rei-luisinho/xopt/notebooks/experiments_sbpo/artifacts/tsplib_tsp/rat195.tsp,metaheuristic_best_solution,6894.0,33 81 100 145 164,0.5020368330006022,0.1691699980001431,0.6712068310007453,101,100,2,33 81 145 164,4,731,0.05,37,6916.0,6894.0,6997.0,6894.0,6916.0,,top_ltm_original,37,7,False,34,141,370.0,0.9972972972972973,1.0,,7,0,0,,0,False,,29 34 75 87 88 100 101 | 31 35 36 41 67 68 81 | 145 146 158 159 161 177 | 113 114 133 152 162 164 165 | 20 33 94 95 96 97 98,top_ltm_mst_trajectory,47,1,True,34,153,470.0,0.9914893617021276,1.0,7,1,10,16,6.0,0,False,,133 145 146 158 159 161 162 | 113 114 152 164 165 177 | 94 95 96 97 98 100 101 | 20 33 35 36 41 75 87 88 | 29 31 34 67 68 81,top_ltm_pairwise_trajectory,93,1,True,34,224,930.0,0.9709677419354839,1.0,7,1,56,79,21.0,0,False,,20 31 33 34 35 36 | 29 75 87 88 98 100 101 | 152 161 162 164 165 177 | 113 114 133 145 146 158 159 | 41 67 68 81 94 95 96 97,top_ltm_mst_trajectory_range_guard,14,1,True,12,44,140.0,1.0,1.0,7,1,0,0,6.0,4,True,14.0,145 146 159 | 164 165 | 67 68 81 | 20 33 | 100 101
NOT WORK,rat195,rat195__remove_pos_3__facility_146,tsplib_rat195_p5,195,5,EUC_2D,/home/rei-luisinho/xopt/notebooks/experiments_sbpo/artifacts/tsplib_tsp/rat195.tsp,metaheuristic_best_solution,6894.0,33 81 100 145 164,0.5020368330006022,0.1691699980001431,0.6712068310007453,146,145,3,33 81 100 164,4,731,0.05,37,6916.0,6894.0,6997.0,6894.0,6916.0,,top_ltm_original,37,7,False,34,141,370.0,0.9972972972972973,1.0,,7,0,0,,0,False,,29 34 75 87 88 100 101 | 31 35 36 41 67 68 81 | 145 146 158 159 161 177 | 113 114 133 152 162 164 165 | 20 33 94 95 96 97 98,top_ltm_mst_trajectory,47,1,True,34,153,470.0,0.9914893617021276,1.0,7,1,10,16,6.0,0,False,,133 145 146 158 159 161 162 | 113 114 152 164 165 177 | 94 95 96 97 98 100 101 | 20 33 35 36 41 75 87 88 | 29 31 34 67 68 81,top_ltm_pairwise_trajectory,93,1,True,34,224,930.0,0.9709677419354839,1.0,7,1,56,79,21.0,0,False,,20 31 33 34 35 36 | 29 75 87 88 98 100 101 | 152 161 162 164 165 177 | 113 114 133 145 146 158 159 | 41 67 68 81 94 95 96 97,top_ltm_mst_trajectory_range_guard,14,1,True,12,44,140.0,1.0,1.0,7,1,0,0,6.0,4,True,14.0,145 146 159 | 164 165 | 67 68 81 | 20 33 | 100 101
NOT WORK,rat195,rat195__remove_pos_4__facility_165,tsplib_rat195_p5,195,5,EUC_2D,/home/rei-luisinho/xopt/notebooks/experiments_sbpo/artifacts/tsplib_tsp/rat195.tsp,metaheuristic_best_solution,6894.0,33 81 100 145 164,0.5020368330006022,0.1691699980001431,0.6712068310007453,165,164,4,33 81 100 145,4,731,0.05,37,6916.0,6894.0,6997.0,6894.0,6916.0,,top_ltm_original,37,7,False,34,141,370.0,0.9972972972972973,1.0,,7,0,0,,0,False,,29 34 75 87 88 100 101 | 31 35 36 41 67 68 81 | 145 146 158 159 161 177 | 113 114 133 152 162 164 165 | 20 33 94 95 96 97 98,top_ltm_mst_trajectory,47,1,True,34,153,470.0,0.9914893617021276,1.0,7,1,10,16,6.0,0,False,,133 145 146 158 159 161 162 | 113 114 152 164 165 177 | 94 95 96 97 98 100 101 | 20 33 35 36 41 75 87 88 | 29 31 34 67 68 81,top_ltm_pairwise_trajectory,93,1,True,34,224,930.0,0.9709677419354839,1.0,7,1,56,79,21.0,0,False,,20 31 33 34 35 36 | 29 75 87 88 98 100 101 | 152 161 162 164 165 177 | 113 114 133 145 146 158 159 | 41 67 68 81 94 95 96 97,top_ltm_mst_trajectory_range_guard,14,1,True,12,44,140.0,1.0,1.0,7,1,0,0,6.0,4,True,14.0,145 146 159 | 164 165 | 67 68 81 | 20 33 | 100 101
NOT NECESSARY,a280,a280__remove_pos_0__facility_16,tsplib_a280_p5,280,5,EUC_2D,/home/rei-luisinho/xopt/notebooks/experiments_sbpo/artifacts/tsplib_tsp/a280.tsp,metaheuristic_best_solution,10171.0,15 40 88 178 229,1.297338080003101,0.08025103600084549,1.3775891160039464,16,15,0,40 88 178 229,4,952,0.05,48,10204.0,10171.0,10276.0,10171.0,10204.0,,top_ltm_original,48,2,False,20,99,480.0,1.0,1.0,,2,0,0,,0,False,,228 229 250 | 15 16 17 18 131 132 270 | 88 89 108 | 39 40 41 44 45 | 178 179,top_ltm_mst_trajectory,49,1,True,20,99,490.0,1.0,1.0,2,1,1,2,1.0,0,False,,228 229 250 | 15 16 17 18 131 132 270 | 88 89 108 | 39 40 41 44 45 | 178 179,top_ltm_pairwise_trajectory,49,1,True,20,99,490.0,1.0,1.0,2,1,1,2,1.0,0,False,,228 229 250 | 15 16 17 18 131 132 270 | 88 89 108 | 39 40 41 44 45 | 178 179,top_ltm_mst_trajectory_range_guard,49,1,True,20,99,490.0,1.0,1.0,2,1,1,2,1.0,0,False,,228 229 250 | 15 16 17 18 131 132 270 | 88 89 108 | 39 40 41 44 45 | 178 179
NOT NECESSARY,a280,a280__remove_pos_1__facility_41,tsplib_a280_p5,280,5,EUC_2D,/home/rei-luisinho/xopt/notebooks/experiments_sbpo/artifacts/tsplib_tsp/a280.tsp,metaheuristic_best_solution,10171.0,15 40 88 178 229,1.297338080003101,0.08025103600084549,1.3775891160039464,41,40,1,15 88 178 229,4,952,0.05,48,10204.0,10171.0,10276.0,10171.0,10204.0,,top_ltm_original,48,2,False,20,99,480.0,1.0,1.0,,2,0,0,,0,False,,228 229 250 | 15 16 17 18 131 132 270 | 88 89 108 | 39 40 41 44 45 | 178 179,top_ltm_mst_trajectory,49,1,True,20,99,490.0,1.0,1.0,2,1,1,2,1.0,0,False,,228 229 250 | 15 16 17 18 131 132 270 | 88 89 108 | 39 40 41 44 45 | 178 179,top_ltm_pairwise_trajectory,49,1,True,20,99,490.0,1.0,1.0,2,1,1,2,1.0,0,False,,228 229 250 | 15 16 17 18 131 132 270 | 88 89 108 | 39 40 41 44 45 | 178 179,top_ltm_mst_trajectory_range_guard,49,1,True,20,99,490.0,1.0,1.0,2,1,1,2,1.0,0,False,,228 229 250 | 15 16 17 18 131 132 270 | 88 89 108 | 39 40 41 44 45 | 178 179
NOT NECESSARY,a280,a280__remove_pos_2__facility_89,tsplib_a280_p5,280,5,EUC_2D,/home/rei-luisinho/xopt/notebooks/experiments_sbpo/artifacts/tsplib_tsp/a280.tsp,metaheuristic_best_solution,10171.0,15 40 88 178 229,1.297338080003101,0.08025103600084549,1.3775891160039464,89,88,2,15 40 178 229,4,952,0.05,48,10204.0,10171.0,10276.0,10171.0,10204.0,,top_ltm_original,48,2,False,20,99,480.0,1.0,1.0,,2,0,0,,0,False,,228 229 250 | 15 16 17 18 131 132 270 | 88 89 108 | 39 40 41 44 45 | 178 179,top_ltm_mst_trajectory,49,1,True,20,99,490.0,1.0,1.0,2,1,1,2,1.0,0,False,,228 229 250 | 15 16 17 18 131 132 270 | 88 89 108 | 39 40 41 44 45 | 178 179,top_ltm_pairwise_trajectory,49,1,True,20,99,490.0,1.0,1.0,2,1,1,2,1.0,0,False,,228 229 250 | 15 16 17 18 131 132 270 | 88 89 108 | 39 40 41 44 45 | 178 179,top_ltm_mst_trajectory_range_guard,49,1,True,20,99,490.0,1.0,1.0,2,1,1,2,1.0,0,False,,228 229 250 | 15 16 17 18 131 132 270 | 88 89 108 | 39 40 41 44 45 | 178 179
NOT NECESSARY,a280,a280__remove_pos_3__facility_179,tsplib_a280_p5,280,5,EUC_2D,/home/rei-luisinho/xopt/notebooks/experiments_sbpo/artifacts/tsplib_tsp/a280.tsp,metaheuristic_best_solution,10171.0,15 40 88 178 229,1.297338080003101,0.08025103600084549,1.3775891160039464,179,178,3,15 40 88 229,4,952,0.05,48,10204.0,10171.0,10276.0,10171.0,10204.0,,top_ltm_original,48,2,False,20,99,480.0,1.0,1.0,,2,0,0,,0,False,,228 229 250 | 15 16 17 18 131 132 270 | 88 89 108 | 39 40 41 44 45 | 178 179,top_ltm_mst_trajectory,49,1,True,20,99,490.0,1.0,1.0,2,1,1,2,1.0,0,False,,228 229 250 | 15 16 17 18 131 132 270 | 88 89 108 | 39 40 41 44 45 | 178 179,top_ltm_pairwise_trajectory,49,1,True,20,99,490.0,1.0,1.0,2,1,1,2,1.0,0,False,,228 229 250 | 15 16 17 18 131 132 270 | 88 89 108 | 39 40 41 44 45 | 178 179,top_ltm_mst_trajectory_range_guard,49,1,True,20,99,490.0,1.0,1.0,2,1,1,2,1.0,0,False,,228 229 250 | 15 16 17 18 131 132 270 | 88 89 108 | 39 40 41 44 45 | 178 179
NOT NECESSARY,a280,a280__remove_pos_4__facility_230,tsplib_a280_p5,280,5,EUC_2D,/home/rei-luisinho/xopt/notebooks/experiments_sbpo/artifacts/tsplib_tsp/a280.tsp,metaheuristic_best_solution,10171.0,15 40 88 178 229,1.297338080003101,0.08025103600084549,1.3775891160039464,230,229,4,15 40 88 178,4,952,0.05,48,10204.0,10171.0,10276.0,10171.0,10204.0,,top_ltm_original,48,2,False,20,99,480.0,1.0,1.0,,2,0,0,,0,False,,228 229 250 | 15 16 17 18 131 132 270 | 88 89 108 | 39 40 41 44 45 | 178 179,top_ltm_mst_trajectory,49,1,True,20,99,490.0,1.0,1.0,2,1,1,2,1.0,0,False,,228 229 250 | 15 16 17 18 131 132 270 | 88 89 108 | 39 40 41 44 45 | 178 179,top_ltm_pairwise_trajectory,49,1,True,20,99,490.0,1.0,1.0,2,1,1,2,1.0,0,False,,228 229 250 | 15 16 17 18 131 132 270 | 88 89 108 | 39 40 41 44 45 | 178 179,top_ltm_mst_trajectory_range_guard,49,1,True,20,99,490.0,1.0,1.0,2,1,1,2,1.0,0,False,,228 229 250 | 15 16 17 18 131 132 270 | 88 89 108 | 39 40 41 44 45 | 178 179
NOT NECESSARY,ali535,ali535__remove_pos_0__facility_52,tsplib_ali535_p5,535,5,GEO,/home/rei-luisinho/xopt/notebooks/experiments_sbpo/artifacts/tsplib_tsp/ali535.tsp,metaheuristic_best_solution,958246.0,51 88 108 229 321,12.572019352002826,0.20216642099694582,12.774185772999772,52,51,0,88 108 229 321,4,2278,0.05,114,960423.0,958246.0,988962.0,958246.0,960423.0,,top_ltm_original,114,1,True,23,135,1140.0,1.0,1.0,,1,0,0,,0,False,,9 32 51 | 321 | 88 92 211 318 336 344 491 532 | 81 108 254 297 298 | 116 124 137 138 229 364,top_ltm_mst_trajectory,114,1,True,23,135,1140.0,1.0,1.0,1,1,0,0,0.0,0,False,,9 32 51 | 321 | 88 92 211 318 336 344 491 532 | 81 108 254 297 298 | 116 124 137 138 229 364,top_ltm_pairwise_trajectory,114,1,True,23,135,1140.0,1.0,1.0,1,1,0,0,0.0,0,False,,9 32 51 | 321 | 88 92 211 318 336 344 491 532 | 81 108 254 297 298 | 116 124 137 138 229 364,top_ltm_mst_trajectory_range_guard,114,1,True,23,135,1140.0,1.0,1.0,1,1,0,0,0.0,0,False,,9 32 51 | 321 | 88 92 211 318 336 344 491 532 | 81 108 254 297 298 | 116 124 137 138 229 364
NOT NECESSARY,ali535,ali535__remove_pos_1__facility_89,tsplib_ali535_p5,535,5,GEO,/home/rei-luisinho/xopt/notebooks/experiments_sbpo/artifacts/tsplib_tsp/ali535.tsp,metaheuristic_best_solution,958246.0,51 88 108 229 321,12.572019352002826,0.20216642099694582,12.774185772999772,89,88,1,51 108 229 321,4,2278,0.05,114,960423.0,958246.0,988962.0,958246.0,960423.0,,top_ltm_original,114,1,True,23,135,1140.0,1.0,1.0,,1,0,0,,0,False,,9 32 51 | 321 | 88 92 211 318 336 344 491 532 | 81 108 254 297 298 | 116 124 137 138 229 364,top_ltm_mst_trajectory,114,1,True,23,135,1140.0,1.0,1.0,1,1,0,0,0.0,0,False,,9 32 51 | 321 | 88 92 211 318 336 344 491 532 | 81 108 254 297 298 | 116 124 137 138 229 364,top_ltm_pairwise_trajectory,114,1,True,23,135,1140.0,1.0,1.0,1,1,0,0,0.0,0,False,,9 32 51 | 321 | 88 92 211 318 336 344 491 532 | 81 108 254 297 298 | 116 124 137 138 229 364,top_ltm_mst_trajectory_range_guard,114,1,True,23,135,1140.0,1.0,1.0,1,1,0,0,0.0,0,False,,9 32 51 | 321 | 88 92 211 318 336 344 491 532 | 81 108 254 297 298 | 116 124 137 138 229 364
NOT NECESSARY,ali535,ali535__remove_pos_2__facility_109,tsplib_ali535_p5,535,5,GEO,/home/rei-luisinho/xopt/notebooks/experiments_sbpo/artifacts/tsplib_tsp/ali535.tsp,metaheuristic_best_solution,958246.0,51 88 108 229 321,12.572019352002826,0.20216642099694582,12.774185772999772,109,108,2,51 88 229 321,4,2278,0.05,114,960423.0,958246.0,988962.0,958246.0,960423.0,,top_ltm_original,114,1,True,23,135,1140.0,1.0,1.0,,1,0,0,,0,False,,9 32 51 | 321 | 88 92 211 318 336 344 491 532 | 81 108 254 297 298 | 116 124 137 138 229 364,top_ltm_mst_trajectory,114,1,True,23,135,1140.0,1.0,1.0,1,1,0,0,0.0,0,False,,9 32 51 | 321 | 88 92 211 318 336 344 491 532 | 81 108 254 297 298 | 116 124 137 138 229 364,top_ltm_pairwise_trajectory,114,1,True,23,135,1140.0,1.0,1.0,1,1,0,0,0.0,0,False,,9 32 51 | 321 | 88 92 211 318 336 344 491 532 | 81 108 254 297 298 | 116 124 137 138 229 364,top_ltm_mst_trajectory_range_guard,114,1,True,23,135,1140.0,1.0,1.0,1,1,0,0,0.0,0,False,,9 32 51 | 321 | 88 92 211 318 336 344 491 532 | 81 108 254 297 298 | 116 124 137 138 229 364
NOT NECESSARY,ali535,ali535__remove_pos_3__facility_230,tsplib_ali535_p5,535,5,GEO,/home/rei-luisinho/xopt/notebooks/experiments_sbpo/artifacts/tsplib_tsp/ali535.tsp,metaheuristic_best_solution,958246.0,51 88 108 229 321,12.572019352002826,0.20216642099694582,12.774185772999772,230,229,3,51 88 108 321,4,2278,0.05,114,960423.0,958246.0,988962.0,958246.0,960423.0,,top_ltm_original,114,1,True,23,135,1140.0,1.0,1.0,,1,0,0,,0,False,,9 32 51 | 321 | 88 92 211 318 336 344 491 532 | 81 108 254 297 298 | 116 124 137 138 229 364,top_ltm_mst_trajectory,114,1,True,23,135,1140.0,1.0,1.0,1,1,0,0,0.0,0,False,,9 32 51 | 321 | 88 92 211 318 336 344 491 532 | 81 108 254 297 298 | 116 124 137 138 229 364,top_ltm_pairwise_trajectory,114,1,True,23,135,1140.0,1.0,1.0,1,1,0,0,0.0,0,False,,9 32 51 | 321 | 88 92 211 318 336 344 491 532 | 81 108 254 297 298 | 116 124 137 138 229 364,top_ltm_mst_trajectory_range_guard,114,1,True,23,135,1140.0,1.0,1.0,1,1,0,0,0.0,0,False,,9 32 51 | 321 | 88 92 211 318 336 344 491 532 | 81 108 254 297 298 | 116 124 137 138 229 364
NOT NECESSARY,ali535,ali535__remove_pos_4__facility_322,tsplib_ali535_p5,535,5,GEO,/home/rei-luisinho/xopt/notebooks/experiments_sbpo/artifacts/tsplib_tsp/ali535.tsp,metaheuristic_best_solution,958246.0,51 88 108 229 321,12.572019352002826,0.20216642099694582,12.774185772999772,322,321,4,51 88 108 229,4,2278,0.05,114,960423.0,958246.0,988962.0,958246.0,960423.0,,top_ltm_original,114,1,True,23,135,1140.0,1.0,1.0,,1,0,0,,0,False,,9 32 51 | 321 | 88 92 211 318 336 344 491 532 | 81 108 254 297 298 | 116 124 137 138 229 364,top_ltm_mst_trajectory,114,1,True,23,135,1140.0,1.0,1.0,1,1,0,0,0.0,0,False,,9 32 51 | 321 | 88 92 211 318 336 344 491 532 | 81 108 254 297 298 | 116 124 137 138 229 364,top_ltm_pairwise_trajectory,114,1,True,23,135,1140.0,1.0,1.0,1,1,0,0,0.0,0,False,,9 32 51 | 321 | 88 92 211 318 336 344 491 532 | 81 108 254 297 298 | 116 124 137 138 229 364,top_ltm_mst_trajectory_range_guard,114,1,True,23,135,1140.0,1.0,1.0,1,1,0,0,0.0,0,False,,9 32 51 | 321 | 88 92 211 318 336 344 491 532 | 81 108 254 297 298 | 116 124 137 138 229 364
NOT NECESSARY,att48,att48__remove_pos_0__facility_6,tsplib_att48_p5,48,5,ATT,/home/rei-luisinho/xopt/notebooks/experiments_sbpo/artifacts/tsplib_tsp/att48.tsp,metaheuristic_best_solution,12568.0,5 9 14 21 24,0.023501686002418865,0.028867855995486025,0.05236954199790489,6,5,0,9 14 21 24,4,138,0.05,7,12734.0,12568.0,13136.0,12568.0,12734.0,,top_ltm_original,7,1,True,11,34,70.0,1.0,1.0,,1,0,0,,0,False,,0 15 21 | 11 14 32 45 | 9 | 5 29 | 24,top_ltm_mst_trajectory,7,1,True,11,34,70.0,1.0,1.0,1,1,0,0,0.0,0,False,,0 15 21 | 11 14 32 45 | 9 | 5 29 | 24,top_ltm_pairwise_trajectory,7,1,True,11,34,70.0,1.0,1.0,1,1,0,0,0.0,0,False,,0 15 21 | 11 14 32 45 | 9 | 5 29 | 24,top_ltm_mst_trajectory_range_guard,7,1,True,11,34,70.0,1.0,1.0,1,1,0,0,0.0,0,False,,0 15 21 | 11 14 32 45 | 9 | 5 29 | 24
NOT NECESSARY,att48,att48__remove_pos_1__facility_10,tsplib_att48_p5,48,5,ATT,/home/rei-luisinho/xopt/notebooks/experiments_sbpo/artifacts/tsplib_tsp/att48.tsp,metaheuristic_best_solution,12568.0,5 9 14 21 24,0.023501686002418865,0.028867855995486025,0.05236954199790489,10,9,1,5 14 21 24,4,138,0.05,7,12734.0,12568.0,13136.0,12568.0,12734.0,,top_ltm_original,7,1,True,11,34,70.0,1.0,1.0,,1,0,0,,0,False,,0 15 21 | 11 14 32 45 | 9 | 5 29 | 24,top_ltm_mst_trajectory,7,1,True,11,34,70.0,1.0,1.0,1,1,0,0,0.0,0,False,,0 15 21 | 11 14 32 45 | 9 | 5 29 | 24,top_ltm_pairwise_trajectory,7,1,True,11,34,70.0,1.0,1.0,1,1,0,0,0.0,0,False,,0 15 21 | 11 14 32 45 | 9 | 5 29 | 24,top_ltm_mst_trajectory_range_guard,7,1,True,11,34,70.0,1.0,1.0,1,1,0,0,0.0,0,False,,0 15 21 | 11 14 32 45 | 9 | 5 29 | 24
NOT NECESSARY,att48,att48__remove_pos_2__facility_15,tsplib_att48_p5,48,5,ATT,/home/rei-luisinho/xopt/notebooks/experiments_sbpo/artifacts/tsplib_tsp/att48.tsp,metaheuristic_best_solution,12568.0,5 9 14 21 24,0.023501686002418865,0.028867855995486025,0.05236954199790489,15,14,2,5 9 21 24,4,138,0.05,7,12734.0,12568.0,13136.0,12568.0,12734.0,,top_ltm_original,7,1,True,11,34,70.0,1.0,1.0,,1,0,0,,0,False,,0 15 21 | 11 14 32 45 | 9 | 5 29 | 24,top_ltm_mst_trajectory,7,1,True,11,34,70.0,1.0,1.0,1,1,0,0,0.0,0,False,,0 15 21 | 11 14 32 45 | 9 | 5 29 | 24,top_ltm_pairwise_trajectory,7,1,True,11,34,70.0,1.0,1.0,1,1,0,0,0.0,0,False,,0 15 21 | 11 14 32 45 | 9 | 5 29 | 24,top_ltm_mst_trajectory_range_guard,7,1,True,11,34,70.0,1.0,1.0,1,1,0,0,0.0,0,False,,0 15 21 | 11 14 32 45 | 9 | 5 29 | 24
NOT NECESSARY,att48,att48__remove_pos_3__facility_22,tsplib_att48_p5,48,5,ATT,/home/rei-luisinho/xopt/notebooks/experiments_sbpo/artifacts/tsplib_tsp/att48.tsp,metaheuristic_best_solution,12568.0,5 9 14 21 24,0.023501686002418865,0.028867855995486025,0.05236954199790489,22,21,3,5 9 14 24,4,138,0.05,7,12734.0,12568.0,13136.0,12568.0,12734.0,,top_ltm_original,7,1,True,11,34,70.0,1.0,1.0,,1,0,0,,0,False,,0 15 21 | 11 14 32 45 | 9 | 5 29 | 24,top_ltm_mst_trajectory,7,1,True,11,34,70.0,1.0,1.0,1,1,0,0,0.0,0,False,,0 15 21 | 11 14 32 45 | 9 | 5 29 | 24,top_ltm_pairwise_trajectory,7,1,True,11,34,70.0,1.0,1.0,1,1,0,0,0.0,0,False,,0 15 21 | 11 14 32 45 | 9 | 5 29 | 24,top_ltm_mst_trajectory_range_guard,7,1,True,11,34,70.0,1.0,1.0,1,1,0,0,0.0,0,False,,0 15 21 | 11 14 32 45 | 9 | 5 29 | 24
NOT NECESSARY,att48,att48__remove_pos_4__facility_25,tsplib_att48_p5,48,5,ATT,/home/rei-luisinho/xopt/notebooks/experiments_sbpo/artifacts/tsplib_tsp/att48.tsp,metaheuristic_best_solution,12568.0,5 9 14 21 24,0.023501686002418865,0.028867855995486025,0.05236954199790489,25,24,4,5 9 14 21,4,138,0.05,7,12734.0,12568.0,13136.0,12568.0,12734.0,,top_ltm_original,7,1,True,11,34,70.0,1.0,1.0,,1,0,0,,0,False,,0 15 21 | 11 14 32 45 | 9 | 5 29 | 24,top_ltm_mst_trajectory,7,1,True,11,34,70.0,1.0,1.0,1,1,0,0,0.0,0,False,,0 15 21 | 11 14 32 45 | 9 | 5 29 | 24,top_ltm_pairwise_trajectory,7,1,True,11,34,70.0,1.0,1.0,1,1,0,0,0.0,0,False,,0 15 21 | 11 14 32 45 | 9 | 5 29 | 24,top_ltm_mst_trajectory_range_guard,7,1,True,11,34,70.0,1.0,1.0,1,1,0,0,0.0,0,False,,0 15 21 | 11 14 32 45 | 9 | 5 29 | 24
NOT NECESSARY,att532,att532__remove_pos_0__facility_87,tsplib_att532_p5,532,5,ATT,/home/rei-luisinho/xopt/notebooks/experiments_sbpo/artifacts/tsplib_tsp/att532.tsp,metaheuristic_best_solution,142377.0,86 203 387 421 453,12.249059465997561,0.17040148800151655,12.419460953999078,87,86,0,203 387 421 453,4,1876,0.05,94,142747.0,142377.0,150185.0,142377.0,142747.0,,top_ltm_original,94,1,True,28,162,940.0,1.0,1.0,,1,0,0,,0,False,,367 372 380 387 390 401 | 421 | 187 193 203 | 70 82 86 92 93 95 99 103 111 113 114 | 439 448 453 454 457 458 461,top_ltm_mst_trajectory,94,1,True,28,162,940.0,1.0,1.0,1,1,0,0,0.0,0,False,,367 372 380 387 390 401 | 421 | 187 193 203 | 70 82 86 92 93 95 99 103 111 113 114 | 439 448 453 454 457 458 461,top_ltm_pairwise_trajectory,94,1,True,28,162,940.0,1.0,1.0,1,1,0,0,0.0,0,False,,367 372 380 387 390 401 | 421 | 187 193 203 | 70 82 86 92 93 95 99 103 111 113 114 | 439 448 453 454 457 458 461,top_ltm_mst_trajectory_range_guard,94,1,True,28,162,940.0,1.0,1.0,1,1,0,0,0.0,0,False,,367 372 380 387 390 401 | 421 | 187 193 203 | 70 82 86 92 93 95 99 103 111 113 114 | 439 448 453 454 457 458 461
NOT NECESSARY,att532,att532__remove_pos_1__facility_204,tsplib_att532_p5,532,5,ATT,/home/rei-luisinho/xopt/notebooks/experiments_sbpo/artifacts/tsplib_tsp/att532.tsp,metaheuristic_best_solution,142377.0,86 203 387 421 453,12.249059465997561,0.17040148800151655,12.419460953999078,204,203,1,86 387 421 453,4,1876,0.05,94,142747.0,142377.0,150185.0,142377.0,142747.0,,top_ltm_original,94,1,True,28,162,940.0,1.0,1.0,,1,0,0,,0,False,,367 372 380 387 390 401 | 421 | 187 193 203 | 70 82 86 92 93 95 99 103 111 113 114 | 439 448 453 454 457 458 461,top_ltm_mst_trajectory,94,1,True,28,162,940.0,1.0,1.0,1,1,0,0,0.0,0,False,,367 372 380 387 390 401 | 421 | 187 193 203 | 70 82 86 92 93 95 99 103 111 113 114 | 439 448 453 454 457 458 461,top_ltm_pairwise_trajectory,94,1,True,28,162,940.0,1.0,1.0,1,1,0,0,0.0,0,False,,367 372 380 387 390 401 | 421 | 187 193 203 | 70 82 86 92 93 95 99 103 111 113 114 | 439 448 453 454 457 458 461,top_ltm_mst_trajectory_range_guard,94,1,True,28,162,940.0,1.0,1.0,1,1,0,0,0.0,0,False,,367 372 380 387 390 401 | 421 | 187 193 203 | 70 82 86 92 93 95 99 103 111 113 114 | 439 448 453 454 457 458 461
NOT NECESSARY,att532,att532__remove_pos_2__facility_388,tsplib_att532_p5,532,5,ATT,/home/rei-luisinho/xopt/notebooks/experiments_sbpo/artifacts/tsplib_tsp/att532.tsp,metaheuristic_best_solution,142377.0,86 203 387 421 453,12.249059465997561,0.17040148800151655,12.419460953999078,388,387,2,86 203 421 453,4,1876,0.05,94,142747.0,142377.0,150185.0,142377.0,142747.0,,top_ltm_original,94,1,True,28,162,940.0,1.0,1.0,,1,0,0,,0,False,,367 372 380 387 390 401 | 421 | 187 193 203 | 70 82 86 92 93 95 99 103 111 113 114 | 439 448 453 454 457 458 461,top_ltm_mst_trajectory,94,1,True,28,162,940.0,1.0,1.0,1,1,0,0,0.0,0,False,,367 372 380 387 390 401 | 421 | 187 193 203 | 70 82 86 92 93 95 99 103 111 113 114 | 439 448 453 454 457 458 461,top_ltm_pairwise_trajectory,94,1,True,28,162,940.0,1.0,1.0,1,1,0,0,0.0,0,False,,367 372 380 387 390 401 | 421 | 187 193 203 | 70 82 86 92 93 95 99 103 111 113 114 | 439 448 453 454 457 458 461,top_ltm_mst_trajectory_range_guard,94,1,True,28,162,940.0,1.0,1.0,1,1,0,0,0.0,0,False,,367 372 380 387 390 401 | 421 | 187 193 203 | 70 82 86 92 93 95 99 103 111 113 114 | 439 448 453 454 457 458 461
NOT NECESSARY,att532,att532__remove_pos_3__facility_422,tsplib_att532_p5,532,5,ATT,/home/rei-luisinho/xopt/notebooks/experiments_sbpo/artifacts/tsplib_tsp/att532.tsp,metaheuristic_best_solution,142377.0,86 203 387 421 453,12.249059465997561,0.17040148800151655,12.419460953999078,422,421,3,86 203 387 453,4,1876,0.05,94,142747.0,142377.0,150185.0,142377.0,142747.0,,top_ltm_original,94,1,True,28,162,940.0,1.0,1.0,,1,0,0,,0,False,,367 372 380 387 390 401 | 421 | 187 193 203 | 70 82 86 92 93 95 99 103 111 113 114 | 439 448 453 454 457 458 461,top_ltm_mst_trajectory,94,1,True,28,162,940.0,1.0,1.0,1,1,0,0,0.0,0,False,,367 372 380 387 390 401 | 421 | 187 193 203 | 70 82 86 92 93 95 99 103 111 113 114 | 439 448 453 454 457 458 461,top_ltm_pairwise_trajectory,94,1,True,28,162,940.0,1.0,1.0,1,1,0,0,0.0,0,False,,367 372 380 387 390 401 | 421 | 187 193 203 | 70 82 86 92 93 95 99 103 111 113 114 | 439 448 453 454 457 458 461,top_ltm_mst_trajectory_range_guard,94,1,True,28,162,940.0,1.0,1.0,1,1,0,0,0.0,0,False,,367 372 380 387 390 401 | 421 | 187 193 203 | 70 82 86 92 93 95 99 103 111 113 114 | 439 448 453 454 457 458 461
NOT NECESSARY,att532,att532__remove_pos_4__facility_454,tsplib_att532_p5,532,5,ATT,/home/rei-luisinho/xopt/notebooks/experiments_sbpo/artifacts/tsplib_tsp/att532.tsp,metaheuristic_best_solution,142377.0,86 203 387 421 453,12.249059465997561,0.17040148800151655,12.419460953999078,454,453,4,86 203 387 421,4,1876,0.05,94,142747.0,142377.0,150185.0,142377.0,142747.0,,top_ltm_original,94,1,True,28,162,940.0,1.0,1.0,,1,0,0,,0,False,,367 372 380 387 390 401 | 421 | 187 193 203 | 70 82 86 92 93 95 99 103 111 113 114 | 439 448 453 454 457 458 461,top_ltm_mst_trajectory,94,1,True,28,162,940.0,1.0,1.0,1,1,0,0,0.0,0,False,,367 372 380 387 390 401 | 421 | 187 193 203 | 70 82 86 92 93 95 99 103 111 113 114 | 439 448 453 454 457 458 461,top_ltm_pairwise_trajectory,94,1,True,28,162,940.0,1.0,1.0,1,1,0,0,0.0,0,False,,367 372 380 387 390 401 | 421 | 187 193 203 | 70 82 86 92 93 95 99 103 111 113 114 | 439 448 453 454 457 458 461,top_ltm_mst_trajectory_range_guard,94,1,True,28,162,940.0,1.0,1.0,1,1,0,0,0.0,0,False,,367 372 380 387 390 401 | 421 | 187 193 203 | 70 82 86 92 93 95 99 103 111 113 114 | 439 448 453 454 457 458 461
